categoria,ventas_totales,unidades_vendidas,transacciones,margen_estimado,precio_promedio,participacion_ventas_pct,margen_pct
Materiales de construcción,41733.51,2512,327,8725.07,16.22908256880734,0.3256,0.2091
Herramientas eléctricas,19839.05,99,67,4802.05,203.09328358208955,0.1548,0.2421
Herramientas manuales,14020.88,667,255,4579.68,21.327960784313724,0.1094,0.3266
Electricidad,13953.82,1571,297,4488.02,8.597441077441077,0.1089,0.3216
Pinturas,10407.09,536,208,3380.39,19.079615384615384,0.0812,0.3248
Tornillería y fijaciones,9188.04,1035,238,3767.64,8.791344537815126,0.0717,0.4101
Gasfitería,7816.31,897,206,2422.91,8.583349514563107,0.061,0.31
Seguridad industrial,6815.33,573,140,2222.03,12.443,0.0532,0.326
Jardinería,4408.93,166,62,1387.33,26.613064516129032,0.0344,0.3147
